Keywords,Algorithm
solve,HHL Algorithm
search in database,Grover's Algorithm
encrypt,QKD
eigenvalue,VQE
wave property,QPE
function,Deutsch-Jozsa Algorithm
linear equations,HHL Algorithm
cipher,QKD
state graph traversal,Quantum Walks
hyioui, No Algorithm Found
detect,Grover's Algorithm
analysis,Simon's Algorithm
search,Grover's Algorithm
asectbndf, No Algorithm Found
convert,Quantum Fourier Transform
hidden function,Deutsch-Jozsa Algorithm
list available tools,No Algorithm Found
minimize,QAOA
system,HHL Algorithm
locate,Grover's Algorithm
dimensionality reduction,QPCA
scan,Grover's Algorithm
xzhjgvx, No Algorithm Found
breakdown,Shor's Algorithm
what is quantum,No Algorithm Found
reduce dimensions,QPCA
find marked item,Grover's Algorithm
eigenvalues,VQE
matrix,VQE
energy spectrum,VQE
unknown,Deutsch-Jozsa Algorithm
hidden structure,Simon's Algorithm
graph,Quantum Walks
authentication,BB84 Protocol
statistical modeling,Quantum Monte Carlo
asdf, No Algorithm Found
path,Quantum Walks
qcz v , No Algorithm Found
xzvdsfvx, No Algorithm Found
explain please,No Algorithm Found
best,QAOA
alter,Quantum Fourier Transform
find hidden string,Bernstein-Vazirani Algorithm
cryptography,QKD
QPE,QPE
phase,QPE
substring,Bernstein-Vazirani Algorithm
su ndddf, No Algorithm Found
fourier,Quantum Fourier Transform
relocate,Quantum Teleportation
find item,Grover's Algorithm
estimate,QPE
asdwerf, No Algorithm Found
asdbcsfdf, No Algorithm Found
i need assistance,No Algorithm Found
divisor,Shor's Algorithm
quantum transform,Quantum Fourier Transform
molecular eigenvalues,VQE
identify bitstring,Bernstein-Vazirani Algorithm
period,Simon's Algorithm
recognition,Simon's Algorithm
factorize,Shor's Algorithm
detect regularity,Simon's Algorithm
black-box function,Deutsch-Jozsa Algorithm
sfgndb df, No Algorithm Found
opiouop, No Algorithm Found
zxqefbvrf, No Algorithm Found
asdwewrf, No Algorithm Found
phase estimation,QPE
help,No Algorithm Found
hi, No Algorithm Found
pathfinding,Quantum Walks
probabilistic,Quantum Monte Carlo
dataset,QSVM
optimize,QAOA
angle,QPE
oracle,Deutsch-Jozsa Algorithm
comparison,Simon's Algorithm
quantum wave estimation,QPE
modify,Quantum Fourier Transform
QFT,Quantum Fourier Transform
hello,No Algorithm Found
protect,QKD
secure,QKD
similarity,Simon's Algorithm
phase-based encoding,QPE
cryptographic security,BB84 Protocol
walk,Quantum Walks
path analysis,Quantum Walks
discover pattern,Simon's Algorithm
asdf, No Algorithm Found
who are you,No Algorithm Found
classify,QSVM
PCA,QPCA
string,Bernstein-Vazirani Algorithm
replicate,Quantum Monte Carlo
routing,Quantum Walks
locate secret string,Bernstein-Vazirani Algorithm
predict,QSVM
quantum routing,Quantum Walks
probability modeling,Quantum Monte Carlo
simulate,Quantum Monte Carlo
refine,QAOA
prime,Shor's Algorithm
traverse,Quantum Walks
factor,Shor's Algorithm
quantum phase shift,QPE
zxbvrf, No Algorithm Found
sequence,Bernstein-Vazirani Algorithm
key,QKD
data reduction,QPCA
binary,Bernstein-Vazirani Algorithm
maximize,QAOA
modulus,Shor's Algorithm
pattern recognition,Simon's Algorithm
categorize,QSVM
what can you do,No Algorithm Found
etye, No Algorithm Found
quantum movement,Quantum Teleportation
cryptographic,QKD
variational simulation,VQE
quantum chemistry,VQE
transfer state,Quantum Teleportation
decompose,Shor's Algorithm
monte carlo simulation,Quantum Monte Carlo
imitate,Quantum Monte Carlo
zxdfgbdvrf, No Algorithm Found
spectrum,VQE
periodicity check,Simon's Algorithm
lookup,Grover's Algorithm
machine learning,QSVM
binary match,Bernstein-Vazirani Algorithm
optimal search,Grover's Algorithm
frequency estimation,QPE
SVM,QSVM
optimization,QAOA
monte carlo,Quantum Monte Carlo
ghmh h, No Algorithm Found
quantum random walk,Quantum Walks
eigenvector,VQE
xzvx, No Algorithm Found
teleport,Quantum Teleportation
transform,Quantum Fourier Transform
approximate,VQE
quantum averaging,Quantum Monte Carlo
how does this work,No Algorithm Found
hidden string,Bernstein-Vazirani Algorithm
simulate randomness,Quantum Monte Carlo
sdf, No Algorithm Found
improve,QAOA
ground state energy,VQE
show algorithms,No Algorithm Found
angle detection,QPE
mathematical expression,HHL Algorithm
equation,HHL Algorithm
simulation,Quantum Monte Carlo
secure communication,BB84 Protocol
compression,QPCA
navigate,Quantum Walks
multi-node hopping,Quantum Walks
searching,Grover's Algorithm
group,QSVM
model,Quantum Monte Carlo
factoring,Shor's Algorithm
quantum state transfer,Quantum Teleportation
formula,HHL Algorithm
